Reference ID,Query ID,Reference POS,Reference END,Query POS,REF,ALT,SVLEN
NC_037345.1,NC_032667.1,1177153,1177154,510972,GC,G,1
NC_037345.1,NC_032667.1,1239933,1239934,589751,TA,T,1
NC_037345.1,NC_032667.1,1357366,1357367,706940,CG,C,1
NC_037345.1,NC_032667.1,1858715,1858717,1209805,CTG,C,2
NC_037345.1,NC_032667.1,1913626,1913627,1256156,GT,G,1
NC_037345.1,NC_032667.1,2214425,2214426,1589169,AG,A,1
NC_037345.1,NC_032667.1,2289464,2289465,1664065,CA,C,1
NC_037345.1,NC_032667.1,2310359,2310361,1684981,GGT,G,2
NC_037345.1,NC_032667.1,2454449,2454450,1829087,CA,C,1
NC_037345.1,NC_032667.1,2480713,2480714,1860474,GT,G,1
NC_037345.1,NC_032667.1,2632351,2632352,2047193,TG,T,1
NC_037345.1,NC_032667.1,2740736,2740740,2156585,TTTTA,T,4
NC_037345.1,NC_032667.1,2804151,2804152,2220091,GT,G,1
NC_037345.1,NC_032667.1,2807852,2807853,2223801,AG,A,1
NC_037345.1,NC_032667.1,2810198,2810199,2226148,AT,A,1
NC_037345.1,NC_032667.1,3220375,3220376,2669586,TA,T,1
NC_037345.1,NC_032667.1,4107023,4107025,2944081,CCT,C,2
NC_037345.1,NC_032667.1,4195533,4195534,3032644,AT,A,1
NC_037345.1,NC_032667.1,4425040,4425041,3307953,GA,G,1
NC_037345.1,NC_032667.1,4443775,4443776,3326691,CA,C,1
NC_037345.1,NC_032667.1,4648468,4648469,3532871,CA,C,1
NC_037345.1,NC_032667.1,4855975,4855976,3739851,TG,T,1
NC_037345.1,NC_032667.1,4884087,4884088,3768070,GA,G,1
NC_037345.1,NC_032667.1,4884146,4884147,3768125,TA,T,1
NC_037345.1,NC_032667.1,5218938,5218939,4098912,CA,C,1
NC_037345.1,NC_032667.1,5221987,5221988,4101985,CA,C,1
NC_037345.1,NC_032667.1,5362580,5362582,4242304,TTC,T,2
NC_037345.1,NC_032667.1,5643649,5643650,4520141,TA,T,1
NC_037345.1,NC_032667.1,6046610,6046611,4928904,GA,G,1
NC_037345.1,NC_032667.1,6068944,6068945,4951270,TC,T,1
NC_037345.1,NC_032667.1,6431084,6431085,5403005,CG,C,1
NC_037345.1,NC_032667.1,6449013,6449014,5420942,AG,A,1
NC_037345.1,NC_032667.1,6449305,6449309,5421233,CAGGG,C,4
NC_037345.1,NC_032667.1,6497720,6497721,5469681,CG,C,1
NC_037345.1,NC_032667.1,6564561,6564562,5536549,GT,G,1
NC_037345.1,NC_032667.1,6619102,6619103,5591260,AC,A,1
NC_037345.1,NC_032667.1,6846755,6846756,5819392,GC,G,1
NC_037345.1,NC_032667.1,6853785,6853786,5826425,CT,C,1
NC_037345.1,NC_032667.1,6853785,6853786,5897500,CT,C,1
NC_037345.1,NC_032667.1,6868130,6868131,5911724,GC,G,1
NC_037345.1,NC_032667.1,7052037,7052038,6095831,GC,G,1
NC_037345.1,NC_032667.1,7058463,7058466,6102259,TGCA,T,3
NC_037345.1,NC_032667.1,7352314,7352315,6406500,AT,A,1
NC_037345.1,NC_032667.1,7452188,7452189,6506143,GA,G,1
NC_037345.1,NC_032667.1,7452231,7452232,6506185,GT,G,1
NC_037345.1,NC_032667.1,7457256,7457257,6511164,CA,C,1
NC_037345.1,NC_032667.1,7490489,7490492,6544602,CCCG,C,3
NC_037345.1,NC_032667.1,7994481,7994482,7066856,CT,C,1
NC_037345.1,NC_032667.1,8083637,8083639,7154233,TTC,T,2
NC_037345.1,NC_032667.1,8261679,8261695,7332142,AGAGGTGGGGGTGGCAG,A,16
NC_037345.1,NC_032667.1,8358508,8358509,7428965,AT,A,1
NC_037345.1,NC_032667.1,8361344,8361345,7430861,CA,C,1
NC_037345.1,NC_032667.1,8475364,8475365,7549685,AG,A,1
NC_037345.1,NC_032667.1,8535571,8535573,7618593,CCT,C,2
NC_037345.1,NC_032667.1,8596325,8596326,7679353,GT,G,1
NC_037345.1,NC_032667.1,8671655,8671656,7807920,AG,A,1
NC_037345.1,NC_032667.1,8671708,8671709,7807972,GT,G,1
NC_037345.1,NC_032667.1,8741106,8741107,7877413,TA,T,1
NC_037345.1,NC_032667.1,8783162,8783163,7920924,TA,T,1
NC_037345.1,NC_032667.1,8783348,8783349,7921109,TG,T,1
NC_037345.1,NC_032667.1,8828724,8828725,7961615,GT,G,1
NC_037345.1,NC_032667.1,8828879,8828881,7961767,CCT,C,2
NC_037345.1,NC_032667.1,8972893,8972894,8168538,TG,T,1
NC_037345.1,NC_032667.1,8992783,8992784,8188444,GT,G,1
NC_037345.1,NC_032667.1,9044285,9044286,8241593,GC,G,1
NC_037345.1,NC_032667.1,9045062,9045069,8242371,AGTGTCAT,A,7
NC_037345.1,NC_032667.1,9048509,9048520,8245812,ACCCTGTATGGT,A,11
NC_037345.1,NC_032667.1,9049215,9049216,8246506,AC,A,1
NC_037345.1,NC_032667.1,9052405,9052406,8249705,AG,A,1
NC_037345.1,NC_032667.1,9071080,9071086,8269379,TAGTTGC,T,6
NC_037345.1,NC_032667.1,9117480,9117481,8315812,CA,C,1
NC_037345.1,NC_032667.1,9237538,9237540,8436066,AAG,A,2
NC_037345.1,NC_032667.1,9333239,9333240,8531798,TC,T,1
NC_037345.1,NC_032667.1,9333305,9333306,8531862,AT,A,1
NC_037345.1,NC_032667.1,9333839,9333840,8532396,TA,T,1
NC_037345.1,NC_032667.1,9333955,9333956,8532514,AT,A,1
NC_037345.1,NC_032667.1,9334032,9334034,8532590,GGC,G,2
NC_037345.1,NC_032667.1,9334528,9334529,8533078,GC,G,1
NC_037345.1,NC_032667.1,9393207,9393208,8591781,CA,C,1
NC_037345.1,NC_032667.1,9461691,9461692,8660198,CA,C,1
NC_037345.1,NC_032667.1,9574402,9574403,8772940,CT,C,1
NC_037345.1,NC_032667.1,9661399,9661400,8860005,CA,C,1
NC_037345.1,NC_032667.1,9670187,9670188,8868792,TC,T,1
NC_037345.1,NC_032667.1,9689373,9689374,8892225,GA,G,1
NC_037345.1,NC_032667.1,9689807,9689819,8892660,CAGTTCATTGCAG,C,12
NC_037345.1,NC_032667.1,9784840,9784841,8987537,AT,A,1
NC_037345.1,NC_032667.1,9787388,9787389,8990086,TG,T,1
NC_037345.1,NC_032667.1,9795795,9795796,8998721,AT,A,1
NC_037345.1,NC_032667.1,9805690,9805691,9008613,CA,C,1
NC_037345.1,NC_032667.1,9815028,9815029,9017956,GC,G,1
NC_037345.1,NC_032667.1,9818996,9818997,9021918,GT,G,1
NC_037345.1,NC_032667.1,9866742,9866743,9070047,CT,C,1
NC_037345.1,NC_032667.1,9936235,9936236,9139532,CT,C,1
NC_037345.1,NC_032667.1,9936266,9936267,9139562,GA,G,1
NC_037345.1,NC_032667.1,9948553,9948554,9151855,AG,A,1
NC_037345.1,NC_032667.1,9985375,9985376,9188682,CT,C,1
NC_037345.1,NC_032667.1,10016496,10016497,9220356,GC,G,1
NC_037345.1,NC_032667.1,10303873,10303946,9508851,CATCAGTCTTGCTAAAGGAAACTTGGAAAGCATCCTCTTTCACAGGAGACAGAGCCATAGCTTAGCGTTTATGT,C,73
NC_037345.1,NC_032667.1,10695353,10695354,9893926,TC,T,1
NC_037345.1,NC_032667.1,10716873,10716874,9921490,AG,A,1
NC_037345.1,NC_032667.1,10735851,10735852,9966659,CA,C,1
NC_037345.1,NC_032667.1,10758014,10758015,9989269,AG,A,1
NC_037345.1,NC_032667.1,10758342,10758344,9989596,AAG,A,2
NC_037345.1,NC_032667.1,10950967,10950968,10182717,CG,C,1
NC_037345.1,NC_032667.1,11016583,11016585,10248340,TTC,T,2
NC_037345.1,NC_032667.1,11259495,11259502,10491627,CTCCTGCT,C,7
NC_037345.1,NC_032667.1,11794660,11794661,11011312,GC,G,1
NC_037345.1,NC_032667.1,11794700,11794701,11011350,TC,T,1
NC_037345.1,NC_032667.1,12135264,12135266,11382927,TAC,T,2
NC_037345.1,NC_032667.1,12368708,12368709,11619555,GT,G,1
NC_037345.1,NC_032667.1,12418740,12418750,11668894,GCCATGGGATA,G,10
NC_037345.1,NC_032667.1,12724935,12724975,11994019,AGTCATTGTACTCTGCTGCATCTACATATTCCTATGTCTTT,A,40
NC_037345.1,NC_032667.1,13153994,13154003,12422629,AGACCTGATG,A,9
NC_037345.1,NC_032667.1,13252496,13252498,12521338,ATG,A,2
NC_037345.1,NC_032667.1,13996043,13996045,12993785,GGC,G,2
NC_037345.1,NC_032667.1,14375427,14375428,13381751,TA,T,1
NC_037345.1,NC_032667.1,14375444,14375445,13381767,AT,A,1
NC_037345.1,NC_032667.1,14684104,14684106,13759687,CCT,C,2
NC_037345.1,NC_032667.1,14710492,14710494,13785587,GGC,G,2
NC_037345.1,NC_032667.1,14895657,14895658,13971705,GT,G,1
NC_037345.1,NC_032667.1,15173826,15173828,14258472,TGA,T,2
NC_037345.1,NC_032667.1,15217171,15217172,14289941,AG,A,1
NC_037345.1,NC_032667.1,15267409,15267410,14404891,TA,T,1
NC_037345.1,NC_032667.1,15267409,15267410,14340200,TA,T,1
NC_037345.1,NC_032667.1,15320275,15320278,14456321,ACTT,A,3
NC_037345.1,NC_032667.1,15335319,15335320,14471316,CT,C,1
NC_037345.1,NC_032667.1,15348225,15348226,14484221,TC,T,1
NC_037345.1,NC_032667.1,15483897,15483898,14621106,TA,T,1
NC_037345.1,NC_032667.1,15483912,15483913,14621120,AT,A,1
NC_037345.1,NC_032667.1,15540277,15540278,14677625,CA,C,1
NC_037345.1,NC_032667.1,15563494,15563495,14701271,GA,G,1
NC_037345.1,NC_032667.1,15563501,15563503,14701277,GTT,G,2
NC_037345.1,NC_032667.1,15787466,15787472,14924820,CTCGTCT,C,6
NC_037345.1,NC_032667.1,16235541,16235542,15394021,AG,A,1
NC_037345.1,NC_032667.1,16357757,16357770,15517803,TCTTGACAGCCAGG,T,13
NC_037345.1,NC_032667.1,16378502,16378503,15538551,CT,C,1
NC_037345.1,NC_032667.1,16635481,16635482,15888629,CA,C,1
NC_037345.1,NC_032667.1,16635481,16635482,15937919,CA,C,1
NC_037345.1,NC_032667.1,16781772,16781773,16085029,CA,C,1
NC_037345.1,NC_032667.1,16936164,16936165,16260864,CT,C,1
NC_037345.1,NC_032667.1,16938315,16938316,16263016,CT,C,1
NC_037345.1,NC_032667.1,16940085,16940086,16264786,GA,G,1
NC_037345.1,NC_032667.1,16940096,16940097,16264796,GA,G,1
NC_037345.1,NC_032667.1,16943254,16943262,16267961,AAACTTACT,A,8
NC_037345.1,NC_032667.1,17139045,17139046,16465669,AC,A,1
NC_037345.1,NC_032667.1,17228928,17228955,16555729,GGGAGGGATGTTGGACCGGGCCGGTTCA,G,27
NC_037345.1,NC_032667.1,17582271,17582272,16781999,TG,T,1
NC_037345.1,NC_032667.1,17582271,17582272,16970492,TG,T,1
NC_037345.1,NC_032667.1,17583073,17583074,16971291,TA,T,1
NC_037345.1,NC_032667.1,18766122,18766123,17821127,CT,C,1
NC_037345.1,NC_032667.1,19487253,19487254,18633303,AG,A,1
NC_037345.1,NC_032667.1,19487299,19487300,18633348,TG,T,1
NC_037345.1,NC_032667.1,19760291,19760292,18907031,CA,C,1
NC_037345.1,NC_032667.1,19841920,19841921,18988694,GC,G,1
NC_037345.1,NC_032667.1,19920423,19920424,19067193,GA,G,1
NC_037345.1,NC_032667.1,20506354,20506355,19739600,CA,C,1
NC_037345.1,NC_032667.1,20506451,20506452,19739695,CT,C,1
NC_037345.1,NC_032667.1,20596373,20596374,19829633,AG,A,1
NC_037345.1,NC_032667.1,20982562,20982564,20221740,TAA,T,2
NC_037345.1,NC_032667.1,21088862,21088863,20324802,GA,G,1
NC_037345.1,NC_032667.1,21103818,21103819,20339760,AT,A,1
NC_037345.1,NC_032667.1,21160288,21160289,20451452,GT,G,1
NC_037345.1,NC_032667.1,21174741,21174742,20465889,CA,C,1
NC_037345.1,NC_032667.1,21175161,21175162,20466308,GT,G,1
NC_037345.1,NC_032667.1,21422696,21422699,20705255,ATCT,A,3
NC_037345.1,NC_032667.1,21467210,21467211,20749537,AT,A,1
NC_037345.1,NC_032667.1,22017333,22017334,21301647,GA,G,1
NC_037345.1,NC_032667.1,22103380,22103381,21391656,AG,A,1
NC_037345.1,NC_032667.1,22103386,22103387,21391661,CT,C,1
NC_037345.1,NC_032667.1,22456374,22456375,21900112,CT,C,1
NC_037345.1,NC_032667.1,22981668,22981669,22445281,GT,G,1
NC_037345.1,NC_032667.1,23225918,23225919,22691186,AT,A,1
NC_037345.1,NC_032667.1,23225949,23225950,22691215,TC,T,1
NC_037345.1,NC_032667.1,23478284,23478285,22949059,CT,C,1
NC_037345.1,NC_032667.1,23478297,23478298,22949071,CT,C,1
NC_037345.1,NC_032667.1,23611402,23611403,23125300,TA,T,1
NC_037345.1,NC_032667.1,23692208,23692209,23205759,AG,A,1
NC_037345.1,NC_032667.1,23881973,23881975,23472840,GAC,G,2
NC_037345.1,NC_032667.1,23908864,23908865,23499730,AG,A,1
NC_037345.1,NC_032667.1,24239884,24239885,23822084,AG,A,1
NC_037345.1,NC_032667.1,24712181,24712182,24291836,GC,G,1
NC_037345.1,NC_032667.1,25142671,25142672,24722530,AC,A,1
NC_037345.1,NC_032667.1,25342167,25342168,25265146,TC,T,1
NC_037345.1,NC_032667.1,25342176,25342177,25265154,CT,C,1
NC_037345.1,NC_032667.1,25342225,25342226,25265202,TA,T,1
NC_037345.1,NC_032667.1,25342241,25342242,25265217,CT,C,1
NC_037345.1,NC_032667.1,25342255,25342256,25265230,CT,C,1
NC_037345.1,NC_032667.1,25756403,25756404,25759365,AC,A,1
NC_037345.1,NC_032667.1,25836692,25836693,25838809,TC,T,1
NC_037345.1,NC_032667.1,25945273,25945274,25947414,AC,A,1
NC_037345.1,NC_032667.1,26078463,26078464,26080104,CA,C,1
NC_037345.1,NC_032667.1,26078522,26078523,26080161,GA,G,1
NC_037345.1,NC_032667.1,26149180,26149181,26151317,TA,T,1
NC_037345.1,NC_032667.1,26566255,26566256,26568053,GT,G,1
NC_037345.1,NC_032667.1,26566271,26566272,26568068,CT,C,1
NC_037345.1,NC_032667.1,27455219,27455220,27518433,AT,A,1
NC_037345.1,NC_032667.1,28709641,28709642,28497822,GA,G,1
NC_037345.1,NC_032667.1,28709673,28709675,28497853,TTA,T,2
NC_037345.1,NC_032667.1,28709687,28709688,28497865,TA,T,1
NC_037345.1,NC_032667.1,28756070,28756071,28544045,CA,C,1
NC_037345.1,NC_032667.1,28865236,28865237,28660235,TC,T,1
NC_037345.1,NC_032667.1,29420009,29420010,29242748,AC,A,1
NC_037345.1,NC_032667.1,30771223,30771224,29787331,TC,T,1
NC_037345.1,NC_032667.1,31092039,31092040,30123364,CA,C,1
NC_037345.1,NC_032667.1,31104849,31104850,30136065,AT,A,1
NC_037345.1,NC_032667.1,31104862,31104863,30136077,AT,A,1
NC_037345.1,NC_032667.1,31705570,31705572,30740846,GGA,G,2
NC_037345.1,NC_032667.1,31856555,31856556,30891873,TC,T,1
NC_037345.1,NC_032667.1,31933106,31933108,30966103,AAG,A,2
NC_037345.1,NC_032667.1,32020634,32020635,31053630,TC,T,1
NC_037345.1,NC_032667.1,32020647,32020648,31053642,AG,A,1
NC_037345.1,NC_032667.1,32168153,32168154,31117443,CG,C,1
NC_037345.1,NC_032667.1,32168153,32168154,31184373,CG,C,1
NC_037345.1,NC_032667.1,32169185,32169186,31116411,GC,G,1
NC_037345.1,NC_032667.1,32169185,32169186,31185405,GC,G,1
NC_037345.1,NC_032667.1,32173841,32173842,31190469,CT,C,1
NC_037345.1,NC_032667.1,32173850,32173851,31190477,TG,T,1
NC_037345.1,NC_032667.1,32247605,32247606,31263918,GT,G,1
NC_037345.1,NC_032667.1,32263254,32263255,31279420,CT,C,1
NC_037345.1,NC_032667.1,32264610,32264613,31280778,ATAT,A,3
NC_037345.1,NC_032667.1,32277000,32277001,31294056,GC,G,1
NC_037345.1,NC_032667.1,32282437,32282438,31299493,AG,A,1
NC_037345.1,NC_032667.1,32286647,32286648,31303770,AT,A,1
NC_037345.1,NC_032667.1,32302933,32302935,31320050,AAC,A,2
NC_037345.1,NC_032667.1,32476451,32476452,31500016,GC,G,1
NC_037345.1,NC_032667.1,32966309,32966311,31976612,TTA,T,2
NC_037345.1,NC_032667.1,32966321,32966322,31976622,GA,G,1
NC_037345.1,NC_032667.1,33064408,33064409,32074311,AG,A,1
NC_037345.1,NC_032667.1,33438993,33438994,32450762,TA,T,1
NC_037345.1,NC_032667.1,33446218,33446220,32457991,AGC,A,2
NC_037345.1,NC_032667.1,33499061,33499062,32510082,CA,C,1
NC_037345.1,NC_032667.1,33508935,33508959,32519954,GAGGTTTTCAGTAGAGGTTAGTGAA,G,24
NC_037345.1,NC_032667.1,33609620,33609621,32648934,GA,G,1
NC_037345.1,NC_032667.1,33610474,33610475,32649785,GC,G,1
NC_037345.1,NC_032667.1,33610488,33610489,32649798,AG,A,1
NC_037345.1,NC_032667.1,33610687,33610688,32649994,CT,C,1
NC_037345.1,NC_032667.1,33613349,33613350,32652655,CT,C,1
NC_037345.1,NC_032667.1,33613418,33613419,32652722,AG,A,1
NC_037345.1,NC_032667.1,33613438,33613439,32652741,GC,G,1
NC_037345.1,NC_032667.1,33613485,33613486,32652786,TG,T,1
NC_037345.1,NC_032667.1,33613494,33613495,32652794,CA,C,1
NC_037345.1,NC_032667.1,33727350,33727351,32798112,TG,T,1
NC_037345.1,NC_032667.1,33739584,33739585,32810389,AG,A,1
NC_037345.1,NC_032667.1,33742075,33742076,32812879,GT,G,1
NC_037345.1,NC_032667.1,33742096,33742097,32812899,AG,A,1
NC_037345.1,NC_032667.1,33742104,33742105,32812906,TA,T,1
NC_037345.1,NC_032667.1,33924657,33924658,32988129,AG,A,1
NC_037345.1,NC_032667.1,33924667,33924668,32988138,AC,A,1
NC_037345.1,NC_032667.1,33924699,33924700,32988169,CG,C,1
NC_037345.1,NC_032667.1,34313756,34313759,33336178,ATAT,A,3
NC_037345.1,NC_032667.1,34316261,34316262,33338683,TA,T,1
NC_037345.1,NC_032667.1,34385106,34385107,33407895,AC,A,1
NC_037345.1,NC_032667.1,34854931,34854933,33874390,CCA,C,2
NC_037345.1,NC_032667.1,34858359,34858360,33877816,GT,G,1
NC_037345.1,NC_032667.1,34979886,34979887,34002340,AC,A,1
NC_037345.1,NC_032667.1,34979998,34980000,34002448,CTT,C,2
NC_037345.1,NC_032667.1,35473633,35473634,34499328,CA,C,1
NC_037345.1,NC_032667.1,35973722,35973723,34997548,TA,T,1
NC_037345.1,NC_032667.1,35973798,35973799,34997621,CA,C,1
NC_037345.1,NC_032667.1,35973838,35973839,34997659,AG,A,1
NC_037345.1,NC_032667.1,36020182,36020183,35044215,GA,G,1
NC_037345.1,NC_032667.1,36047611,36047612,35071681,TG,T,1
NC_037345.1,NC_032667.1,36136935,36136936,35161099,CA,C,1
NC_037345.1,NC_032667.1,36465414,36465415,35489810,AT,A,1
NC_037345.1,NC_032667.1,36465423,36465424,35489818,TG,T,1
NC_037345.1,NC_032667.1,36465427,36465428,35489821,TG,T,1
NC_037345.1,NC_032667.1,36660524,36660526,35689960,ACC,A,2
NC_037345.1,NC_032667.1,36906100,36906101,35937735,AG,A,1
NC_037345.1,NC_032667.1,36906118,36906119,35937752,CT,C,1
NC_037345.1,NC_032667.1,37097164,37097165,36125833,CT,C,1
NC_037345.1,NC_032667.1,37280860,37280861,36310091,CA,C,1
NC_037345.1,NC_032667.1,37288195,37288196,36317425,CT,C,1
NC_037345.1,NC_032667.1,37288227,37288228,36317455,AT,A,1
NC_037345.1,NC_032667.1,37358206,37358207,36387432,GT,G,1
NC_037345.1,NC_032667.1,37623137,37623141,36652835,GTGGA,G,4
NC_037345.1,NC_032667.1,37960012,37960013,37018540,GC,G,1
NC_037345.1,NC_032667.1,38157118,38157119,37215293,GT,G,1
NC_037345.1,NC_032667.1,38157147,38157148,37215319,GT,G,1
NC_037345.1,NC_032667.1,38157183,38157184,37215353,AT,A,1
NC_037345.1,NC_032667.1,38315614,38315616,37374601,TTG,T,2
NC_037345.1,NC_032667.1,38422858,38422859,37490841,CA,C,1
NC_037345.1,NC_032667.1,38423004,38423006,37490979,GGC,G,2
NC_037345.1,NC_032667.1,38438146,38438147,37506119,GT,G,1
NC_037345.1,NC_032667.1,38513538,38513540,37603753,CAA,C,2
NC_037345.1,NC_032667.1,38616886,38616887,37714650,TG,T,1
NC_037345.1,NC_032667.1,39108234,39108235,38206339,GA,G,1
NC_037345.1,NC_032667.1,39119206,39119207,38217342,GA,G,1
NC_037345.1,NC_032667.1,39119228,39119229,38217363,CA,C,1
NC_037345.1,NC_032667.1,39119258,39119259,38217391,TC,T,1
NC_037345.1,NC_032667.1,39119269,39119270,38217401,AC,A,1
NC_037345.1,NC_032667.1,39138330,39138331,38236462,CA,C,1
NC_037345.1,NC_032667.1,39254598,39254600,38352909,CGA,C,2
NC_037345.1,NC_032667.1,39320250,39320253,38418565,GTGT,G,3
NC_037345.1,NC_032667.1,39604765,39604766,38703427,GT,G,1
NC_037345.1,NC_032667.1,39604813,39604814,38703472,AT,A,1
NC_037345.1,NC_032667.1,39655974,39655975,38754639,TA,T,1
NC_037345.1,NC_032667.1,39746544,39746545,38852525,CT,C,1
NC_037345.1,NC_032667.1,39979333,39979336,39091592,CATT,C,3
NC_037345.1,NC_032667.1,40363084,40363085,39496189,GT,G,1
NC_037345.1,NC_032667.1,40377819,40377820,39510633,CT,C,1
NC_037345.1,NC_032667.1,40587867,40587871,39725588,CTATT,C,4
NC_037345.1,NC_032667.1,40852987,40852988,39991450,CG,C,1
NC_037345.1,NC_032667.1,40853059,40853060,39991521,TC,T,1
NC_037345.1,NC_032667.1,40865589,40865590,40004053,TC,T,1
NC_037345.1,NC_032667.1,41037624,41037625,40176293,TG,T,1
NC_037345.1,NC_032667.1,41037675,41037676,40176343,GA,G,1
NC_037345.1,NC_032667.1,41129935,41129937,40267635,TGC,T,2
NC_037345.1,NC_032667.1,41161653,41161656,40299350,CCCA,C,3
NC_037345.1,NC_032667.1,41581036,41581037,40718664,TA,T,1
NC_037345.1,NC_032667.1,41601540,41601542,40739182,TTC,T,2
NC_037345.1,NC_032667.1,41666877,41666878,40804524,AT,A,1
NC_037345.1,NC_032667.1,41674455,41674456,40811476,AG,A,1
NC_037345.1,NC_032667.1,41674650,41674651,40811671,TC,T,1
NC_037345.1,NC_032667.1,41958046,41958047,41095885,CT,C,1
NC_037345.1,NC_032667.1,42090733,42090734,41229163,TG,T,1
NC_037345.1,NC_032667.1,42112718,42112719,41250150,GC,G,1
NC_037345.1,NC_032667.1,42197662,42197663,41336025,CA,C,1
NC_037345.1,NC_032667.1,42206775,42206778,41345139,TAAA,T,3
NC_037345.1,NC_032667.1,42221550,42221551,41359914,CG,C,1
NC_037345.1,NC_032667.1,42255857,42255861,41400135,ATGTT,A,4
NC_037345.1,NC_032667.1,42392344,42392345,41608036,GT,G,1
NC_037345.1,NC_032667.1,42532457,42532458,41718910,AC,A,1
NC_037345.1,NC_032667.1,42542246,42542247,41775747,AC,A,1
NC_037345.1,NC_032667.1,42556917,42556918,41790110,GT,G,1
NC_037345.1,NC_032667.1,42585006,42585007,41818202,AT,A,1
NC_037345.1,NC_032667.1,42614259,42614260,41847456,CA,C,1
NC_037345.1,NC_032667.1,42690999,42691000,41928753,AC,A,1
NC_037345.1,NC_032667.1,42691015,42691016,41928768,GC,G,1
NC_037345.1,NC_032667.1,42825371,42825372,42222836,CT,C,1
NC_037345.1,NC_032667.1,42934128,42934133,42396407,CATGAA,C,5
NC_037345.1,NC_032667.1,42954046,42954047,42416333,AG,A,1
NC_037345.1,NC_032667.1,43189275,43189276,42203459,CT,C,1
NC_037345.1,NC_032667.1,43234214,43234215,42668157,CT,C,1
NC_037345.1,NC_032667.1,43350196,43350197,42840901,CA,C,1
NC_037345.1,NC_032667.1,43358990,43358992,42850006,TGG,T,2
NC_037345.1,NC_032667.1,43455288,43455289,42943087,GC,G,1
NC_037345.1,NC_032667.1,43946874,43946875,43376510,CG,C,1
NC_037345.1,NC_032667.1,43962481,43962482,43392132,CA,C,1
NC_037345.1,NC_032667.1,43973784,43973786,43403437,ACC,A,2
NC_037345.1,NC_032667.1,44008319,44008320,43437974,TG,T,1
NC_037345.1,NC_032667.1,44086996,44086997,43534688,CT,C,1
NC_037345.1,NC_032667.1,44093797,44093798,43541485,CG,C,1
NC_037345.1,NC_032667.1,44266753,44266754,43738660,GT,G,1
NC_037345.1,NC_032667.1,44387119,44387120,44080035,CA,C,1
NC_037345.1,NC_032667.1,44517770,44517775,44005828,CATTTT,C,5
NC_037345.1,NC_032667.1,44617288,44617289,44352802,TG,T,1
NC_037345.1,NC_032667.1,44669070,44669071,44404332,CT,C,1
NC_037345.1,NC_032667.1,44805310,44805311,44546450,TA,T,1
NC_037345.1,NC_032667.1,44805655,44805704,44546839,TGAGGCCAGACCTGTGCAGGTATGAGGCCCTGGGTCTGTTGGCATCTGAG,T,49
NC_037345.1,NC_032667.1,44823115,44823116,44564107,AG,A,1
NC_037345.1,NC_032667.1,44823123,44823124,44564114,GA,G,1
NC_037345.1,NC_032667.1,44823139,44823140,44564129,GT,G,1
NC_037345.1,NC_032667.1,44864927,44864928,44605950,TC,T,1
NC_037345.1,NC_032667.1,45926164,45926165,45353584,CT,C,1
NC_037345.1,NC_032667.1,46021116,46021117,45449128,AG,A,1
NC_037345.1,NC_032667.1,46104032,46104033,45532141,GT,G,1
NC_037345.1,NC_032667.1,46107779,46107780,45535886,GC,G,1
NC_037345.1,NC_032667.1,46390476,46390477,45818138,CA,C,1
NC_037345.1,NC_032667.1,46528234,46528235,45956710,GA,G,1
NC_037345.1,NC_032667.1,46530262,46530264,45958738,CAT,C,2
NC_037345.1,NC_032667.1,46559972,46559974,45988437,CTG,C,2
NC_037345.1,NC_032667.1,46635974,46635975,46064506,AT,A,1
NC_037345.1,NC_032667.1,46924245,46924246,46353342,CA,C,1
NC_037345.1,NC_032667.1,46930450,46930452,46360154,ATG,A,2
NC_037345.1,NC_032667.1,46930455,46930456,46360157,GC,G,1
NC_037345.1,NC_032667.1,46960011,46960012,46394728,GT,G,1
NC_037345.1,NC_032667.1,46966372,46966376,46401272,TAAGA,T,4
NC_037345.1,NC_032667.1,46998124,46998125,46433009,AC,A,1
NC_037345.1,NC_032667.1,47165317,47165319,46625065,ACT,A,2
NC_037345.1,NC_032667.1,47166056,47166057,46625803,TC,T,1
NC_037345.1,NC_032667.1,47353367,47353368,46812046,CA,C,1
NC_037345.1,NC_032667.1,47405596,47405601,46865613,CTGGGT,C,5
NC_037345.1,NC_032667.1,47421402,47421403,46881422,AT,A,1
NC_037345.1,NC_032667.1,47653973,47653974,47116449,GT,G,1
NC_037345.1,NC_032667.1,48040241,48040242,47505892,TG,T,1
NC_037345.1,NC_032667.1,48047905,48047906,47513559,GA,G,1
NC_037345.1,NC_032667.1,48048005,48048006,47513658,AG,A,1
NC_037345.1,NC_032667.1,48078891,48078892,47544512,AC,A,1
NC_037345.1,NC_032667.1,48103095,48103096,47568675,TC,T,1
NC_037345.1,NC_032667.1,48107374,48107375,47572953,AC,A,1
NC_037345.1,NC_032667.1,48123958,48123962,47592903,GCCCC,G,4
NC_037345.1,NC_032667.1,48172519,48172520,47641764,GT,G,1
NC_037345.1,NC_032667.1,48175096,48175097,47644370,AC,A,1
NC_037345.1,NC_032667.1,48175102,48175103,47644375,GC,G,1
NC_037345.1,NC_032667.1,48185325,48185331,47654245,AGGCAGG,A,6
NC_037345.1,NC_032667.1,48185334,48185340,47790005,TGATATA,T,6
NC_037345.1,NC_032667.1,48192926,48192927,47797592,AT,A,1
NC_037345.1,NC_032667.1,48192926,48192927,47661839,AT,A,1
NC_037345.1,NC_032667.1,48197762,48197763,47666497,CG,C,1
NC_037345.1,NC_032667.1,48490590,48490591,48003961,CA,C,1
NC_037345.1,NC_032667.1,48668940,48668942,48285379,GAC,G,2
NC_037345.1,NC_032667.1,48670006,48670015,48286449,AATGAACACC,A,9
NC_037345.1,NC_032667.1,48838322,48838324,48471468,CTT,C,2
NC_037345.1,NC_032667.1,49102410,49102412,48607586,GGT,G,2
NC_037345.1,NC_032667.1,49102437,49102438,48607610,TG,T,1
NC_037345.1,NC_032667.1,49132915,49132916,48637814,TG,T,1
NC_037345.1,NC_032667.1,49231918,49231920,48736375,ATT,A,2
NC_037345.1,NC_032667.1,49233334,49233337,48737793,TCCC,T,3
NC_037345.1,NC_032667.1,49325877,49325878,48853362,AG,A,1
NC_037345.1,NC_032667.1,49478124,49478126,49119233,TTC,T,2
NC_037345.1,NC_032667.1,50079367,50079368,49731045,AC,A,1
NC_037345.1,NC_032667.1,50079372,50079373,49731049,AC,A,1
NC_037345.1,NC_032667.1,50265928,50265929,49920278,AT,A,1
NC_037345.1,NC_032667.1,50394069,50394070,50045515,AC,A,1
NC_037345.1,NC_032667.1,50409423,50409426,50060872,CCAG,C,3
NC_037345.1,NC_032667.1,50696614,50696620,50461048,CTTATGA,C,6
NC_037345.1,NC_032667.1,50697509,50697510,50461921,TC,T,1
NC_037345.1,NC_032667.1,50698110,50698111,50462522,TG,T,1
NC_037345.1,NC_032667.1,50698872,50698876,50463291,TCGGA,T,4
NC_037345.1,NC_032667.1,50739959,50739960,50504572,TG,T,1
NC_037345.1,NC_032667.1,50751737,50751740,50516375,CAGG,C,3
NC_037345.1,NC_032667.1,50772519,50772520,50366991,TA,T,1
NC_037345.1,NC_032667.1,50772854,50772856,50367327,GAA,G,2
NC_037345.1,NC_032667.1,50820030,50820037,50575992,AGGCTGGG,A,7
NC_037345.1,NC_032667.1,50841767,50841768,50595894,CA,C,1
NC_037345.1,NC_032667.1,50841776,50841777,50595902,GC,G,1
NC_037345.1,NC_032667.1,50841899,50841900,50596020,AT,A,1
NC_037345.1,NC_032667.1,51196923,51196924,50933658,TC,T,1
NC_037345.1,NC_032667.1,51356296,51356297,51091356,AG,A,1
NC_037345.1,NC_032667.1,51356313,51356314,51091372,AG,A,1
NC_037345.1,NC_032667.1,51365470,51365471,51100525,GT,G,1
NC_037345.1,NC_032667.1,51365501,51365502,51100554,CT,C,1
NC_037345.1,NC_032667.1,51426451,51426452,51156328,AG,A,1
NC_037345.1,NC_032667.1,51484365,51484368,51214230,AGGG,A,3
NC_037345.1,NC_032667.1,51490518,51490520,51220382,TTG,T,2
NC_037345.1,NC_032667.1,51581894,51581895,51321683,AC,A,1
NC_037345.1,NC_032667.1,51661627,51661630,51401635,CTCT,C,3
NC_037345.1,NC_032667.1,51706220,51706221,51446469,TG,T,1
NC_037345.1,NC_032667.1,51742783,51742785,51483318,CAT,C,2
NC_037345.1,NC_032667.1,51745311,51745312,51485785,GC,G,1
NC_037345.1,NC_032667.1,51782221,51782222,51522696,CA,C,1
NC_037345.1,NC_032667.1,51782368,51782372,51522842,ACAGT,A,4
NC_037345.1,NC_032667.1,51784464,51784465,51524932,GC,G,1
NC_037345.1,NC_032667.1,51955102,51955103,51696622,GA,G,1
NC_037345.1,NC_032667.1,52069824,52069825,51812115,GA,G,1
NC_037345.1,NC_032667.1,52069884,52069885,51812173,CT,C,1
NC_037345.1,NC_032667.1,52069931,52069932,51812217,TC,T,1
NC_037345.1,NC_032667.1,52162441,52162442,51904888,CA,C,1
NC_037345.1,NC_032667.1,52179241,52179242,51921688,TA,T,1
NC_037345.1,NC_032667.1,52179253,52179254,51921699,AT,A,1
NC_037345.1,NC_032667.1,52199299,52199300,51943546,AG,A,1
NC_037345.1,NC_032667.1,52331273,52331274,52116420,TG,T,1
NC_037345.1,NC_032667.1,52377376,52377379,52166418,TGTC,T,3
NC_037345.1,NC_032667.1,52524105,52524112,52313144,GGGTACTA,G,7
NC_037345.1,NC_032667.1,52529942,52529943,52318976,GT,G,1
NC_037345.1,NC_032667.1,52692518,52692519,52481026,GT,G,1
NC_037345.1,NC_032667.1,52812855,52812856,52598782,AG,A,1
NC_037345.1,NC_032667.1,52954724,52954725,52740214,AC,A,1
NC_037345.1,NC_032667.1,52967872,52967873,52753367,AC,A,1
NC_037345.1,NC_032667.1,52998554,52998555,52784759,AT,A,1
NC_037345.1,NC_032667.1,53008819,53008821,52795026,CCT,C,2
NC_037345.1,NC_032667.1,53164417,53164418,52949902,AC,A,1
NC_037345.1,NC_032667.1,53232290,53232291,53020637,AG,A,1
NC_037345.1,NC_032667.1,53232343,53232344,53020688,GT,G,1
NC_037345.1,NC_032667.1,53289537,53289538,53078543,GT,G,1
NC_037345.1,NC_032667.1,53322228,53322229,53111547,TG,T,1
NC_037345.1,NC_032667.1,53357339,53357340,53146652,CT,C,1
NC_037345.1,NC_032667.1,53445496,53445497,53244420,AT,A,1
NC_037345.1,NC_032667.1,53469339,53469340,53268176,CG,C,1
NC_037345.1,NC_032667.1,53578484,53578485,53377382,GT,G,1
NC_037345.1,NC_032667.1,53668849,53668850,53467121,CT,C,1
NC_037345.1,NC_032667.1,53768306,53768307,53566338,GA,G,1
NC_037345.1,NC_032667.1,53770698,53770699,53568728,CA,C,1
NC_037345.1,NC_032667.1,53814480,53814481,53612290,CG,C,1
NC_037345.1,NC_032667.1,53818264,53818265,53616074,TA,T,1
NC_037345.1,NC_032667.1,53818269,53818270,53616078,GC,G,1
NC_037345.1,NC_032667.1,53818314,53818315,53616121,GC,G,1
NC_037345.1,NC_032667.1,53867032,53867033,53664010,AG,A,1
NC_037345.1,NC_032667.1,53867040,53867041,53664017,AC,A,1
NC_037345.1,NC_032667.1,54165337,54165338,53967068,AT,A,1
NC_037345.1,NC_032667.1,54259403,54259404,54059097,TA,T,1
NC_037345.1,NC_032667.1,54413063,54413064,54213606,GC,G,1
NC_037345.1,NC_032667.1,54486914,54486915,54287582,GC,G,1
NC_037345.1,NC_032667.1,54542911,54542912,54343612,GT,G,1
NC_037345.1,NC_032667.1,54590991,54590992,54453023,CA,C,1
NC_037345.1,NC_032667.1,54607905,54608127,54470335,GTGGCCTCTGACCCGCTGTGGGCTGCCCGTTGCAGGAGAGGAGCCAGCAGCCCCTCTCCACAGAGGGCCCCCACCTCTCCGTGCCCGCCTCGGTCATAGTCAGCGCCCCGCCTCCCGCCCAAGACCCAGCCCCGACCACCCCTGTCGCCAAAGGAGCTGGCCTTGGCCCTCAGGCCCCCGACAGCCAGGCCTCCCCGGCGCCGGCCCCCCAGGTAGACGAACC,G,222
NC_037345.1,NC_032667.1,54739560,54739561,54591782,CA,C,1
NC_037345.1,NC_032667.1,54751658,54751659,54603920,TA,T,1
NC_037345.1,NC_032667.1,54751666,54751667,54603927,AT,A,1
NC_037345.1,NC_032667.1,54986683,54986686,54839454,TTGC,T,3
NC_037345.1,NC_032667.1,55163467,55163468,55015279,GA,G,1
NC_037345.1,NC_032667.1,55163476,55163477,55015287,CG,C,1
NC_037345.1,NC_032667.1,55163488,55163489,55015298,GT,G,1
NC_037345.1,NC_032667.1,55163493,55163494,55015302,CG,C,1
NC_037345.1,NC_032667.1,55197439,55197440,55052267,CG,C,1
NC_037345.1,NC_032667.1,55205261,55205267,55059782,GAATGAA,G,6
NC_037345.1,NC_032667.1,55277110,55277111,55098988,CG,C,1
NC_037345.1,NC_032667.1,55381779,55381780,55207106,CT,C,1
NC_037345.1,NC_032667.1,55505565,55505566,55330707,TC,T,1
NC_037345.1,NC_032667.1,55505630,55505631,55330771,CA,C,1
NC_037345.1,NC_032667.1,55738017,55738018,55693109,AG,A,1
NC_037345.1,NC_032667.1,55858459,55858460,55813261,GA,G,1
NC_037345.1,NC_032667.1,55893888,55893889,55848691,CA,C,1
NC_037345.1,NC_032667.1,56178588,56178589,56134355,GC,G,1
NC_037345.1,NC_032667.1,56241888,56241889,56197617,CA,C,1
NC_037345.1,NC_032667.1,56365525,56365526,56320322,CA,C,1
NC_037345.1,NC_032667.1,56411216,56411217,56366205,GC,G,1
NC_037345.1,NC_032667.1,56470117,56470118,56425016,AG,A,1
NC_037345.1,NC_032667.1,56498341,56498342,56453892,CA,C,1
NC_037345.1,NC_032667.1,56501276,56501277,56458879,GC,G,1
NC_037345.1,NC_032667.1,56511151,56511152,56468902,AG,A,1
NC_037345.1,NC_032667.1,56621475,56621476,56575313,GT,G,1
NC_037345.1,NC_032667.1,56712975,56712978,56665814,GCTC,G,3
NC_037345.1,NC_032667.1,56826662,56826663,56764213,GA,G,1
NC_037345.1,NC_032667.1,56827921,56827922,56765470,CG,C,1
NC_037345.1,NC_032667.1,56942879,56942887,56925841,CTGTGCCTT,C,8
NC_037345.1,NC_032667.1,57110213,57110214,57102319,TC,T,1
NC_037345.1,NC_032667.1,57332985,57332986,57247017,CA,C,1
NC_037345.1,NC_032667.1,57336644,57336646,57250693,GAT,G,2
NC_037345.1,NC_032667.1,57340980,57340981,57255029,AC,A,1
NC_037345.1,NC_032667.1,57516658,57516659,57430180,TC,T,1
NC_037345.1,NC_032667.1,57714536,57714537,57616435,GC,G,1
NC_037345.1,NC_032667.1,57896091,57896092,57800447,GT,G,1
NC_037345.1,NC_032667.1,58083139,58083140,58011323,GT,G,1
NC_037345.1,NC_032667.1,58145038,58145039,58073064,TG,T,1
NC_037345.1,NC_032667.1,58303063,58303064,58302910,GT,G,1
NC_037345.1,NC_032667.1,58417899,58417902,58413436,TCAC,T,3
NC_037345.1,NC_032667.1,58417912,58417913,58413446,AG,A,1
NC_037345.1,NC_032667.1,58462750,58462751,58458664,CT,C,1
NC_037345.1,NC_032667.1,58466939,58466940,58462848,GC,G,1
NC_037345.1,NC_032667.1,58467732,58467733,58463642,GC,G,1
NC_037345.1,NC_032667.1,58468153,58468154,58464062,TC,T,1
NC_037345.1,NC_032667.1,58476540,58476541,58472468,GA,G,1
NC_037345.1,NC_032667.1,58596665,58596666,58524686,AT,A,1
NC_037345.1,NC_032667.1,58610795,58610803,58539159,AAATTCTTC,A,8
NC_037345.1,NC_032667.1,58662346,58662347,58720861,TG,T,1
NC_037345.1,NC_032667.1,58662352,58662353,58720866,GT,G,1
NC_037345.1,NC_032667.1,59139899,59139900,59000475,CA,C,1
NC_037345.1,NC_032667.1,59306244,59306245,59166933,CA,C,1
NC_037345.1,NC_032667.1,59387885,59387887,59249996,TAG,T,2
NC_037345.1,NC_032667.1,59396192,59396194,59257934,ACT,A,2
NC_037345.1,NC_032667.1,59402732,59402733,59264478,TG,T,1
NC_037345.1,NC_032667.1,59404837,59404838,59266635,TG,T,1
NC_037345.1,NC_032667.1,59409918,59409919,59271719,GC,G,1
NC_037345.1,NC_032667.1,59415441,59415451,59277034,GGGGTGCTGGT,G,10
NC_037345.1,NC_032667.1,59544263,59544264,59423268,TC,T,1
NC_037345.1,NC_032667.1,59545316,59545317,59424321,TC,T,1
NC_037345.1,NC_032667.1,59777272,59777273,59738366,CA,C,1
NC_037345.1,NC_032667.1,59789545,59789576,59750650,CCTGAGGACACGGGGAAGCCAGTGGAGGTGGG,C,31
NC_037345.1,NC_032667.1,59792180,59792184,59751859,CAACA,C,4
NC_037345.1,NC_032667.1,59859703,59859704,59877947,GA,G,1
NC_037345.1,NC_032667.1,59982475,59982476,60059820,AG,A,1
NC_037345.1,NC_032667.1,59983842,59983858,60061189,GGACCTTGTGATGATGC,G,16
NC_037345.1,NC_032667.1,59983908,59983909,60061239,CA,C,1
NC_037345.1,NC_032667.1,60007005,60007016,60084097,TGCTGGGTTGCA,T,11
NC_037345.1,NC_032667.1,60164068,60164069,60267620,TG,T,1
NC_037345.1,NC_032667.1,60165352,60165353,60269304,AT,A,1
NC_037345.1,NC_032667.1,60174899,60174903,60278889,ATCTT,A,4
NC_037345.1,NC_032667.1,60221797,60221801,60294180,TTTAG,T,4
NC_037345.1,NC_032667.1,60222283,60222284,60294671,TG,T,1
NC_037345.1,NC_032667.1,60222308,60222309,60294695,CA,C,1
NC_037345.1,NC_032667.1,60223361,60223362,60295734,AG,A,1
NC_037345.1,NC_032667.1,60223375,60223377,60295747,GGC,G,2
NC_037345.1,NC_032667.1,60224515,60224516,60296878,TC,T,1
NC_037345.1,NC_032667.1,60224688,60224689,60297051,GA,G,1
NC_037345.1,NC_032667.1,60225122,60225123,60297484,CA,C,1
NC_037345.1,NC_032667.1,60226092,60226093,60298440,AG,A,1
NC_037345.1,NC_032667.1,60226196,60226197,60298543,AC,A,1
NC_037345.1,NC_032667.1,60226223,60226224,60298569,CT,C,1
NC_037345.1,NC_032667.1,60226323,60226324,60298670,AC,A,1
NC_037345.1,NC_032667.1,60227291,60227292,60299640,GA,G,1
NC_037345.1,NC_032667.1,60227314,60227315,60299662,TA,T,1
NC_037345.1,NC_032667.1,60255006,60255007,60327513,GC,G,1
NC_037345.1,NC_032667.1,60255503,60255504,60328009,AG,A,1
NC_037345.1,NC_032667.1,60297898,60297899,60424415,GT,G,1
NC_037345.1,NC_032667.1,60397231,60397232,60435785,AG,A,1
NC_037345.1,NC_032667.1,60397265,60397266,60435817,AT,A,1
NC_037345.1,NC_032667.1,60430632,60430633,60416151,AG,A,1
NC_037345.1,NC_032667.1,60430671,60430673,60416189,AAG,A,2
NC_037345.1,NC_032667.1,60453791,60453796,60447858,TATTTA,T,5
NC_037345.1,NC_032667.1,60460556,60460557,60454619,AG,A,1
NC_037345.1,NC_032667.1,60469281,60469282,60482152,CT,C,1
NC_037345.1,NC_032667.1,60470306,60470307,60483176,TG,T,1
NC_037345.1,NC_032667.1,60470608,60470612,60483478,ACACT,A,4
NC_037345.1,NC_032667.1,60546129,60546132,60722884,TAAG,T,3
NC_037345.1,NC_032667.1,60554307,60554308,60731059,TA,T,1
NC_037345.1,NC_032667.1,60609316,60609317,60814471,CA,C,1
NC_037345.1,NC_032667.1,60609822,60609823,60786671,CT,C,1
NC_037345.1,NC_032667.1,60609920,60609921,60786768,TC,T,1
NC_037345.1,NC_032667.1,60609920,60609921,60815076,TC,T,1
NC_037345.1,NC_032667.1,60610452,60610453,60815607,GC,G,1
NC_037345.1,NC_032667.1,60610556,60610561,60815710,TTTACA,T,5
NC_037345.1,NC_032667.1,60610741,60610742,60815890,GA,G,1
NC_037345.1,NC_032667.1,60621557,60621559,60826716,ACT,A,2
NC_037345.1,NC_032667.1,60622622,60622624,60827780,CTA,C,2
NC_037345.1,NC_032667.1,60623838,60623839,60828995,AG,A,1
NC_037345.1,NC_032667.1,60667201,60667202,60849194,AG,A,1
NC_037345.1,NC_032667.1,60676966,60676967,60858965,TG,T,1
NC_037345.1,NC_032667.1,60729375,60729379,60911801,TTTGG,T,4
NC_037345.1,NC_032667.1,60841158,60841159,61059498,CA,C,1
NC_037345.1,NC_032667.1,60879724,60879725,61103026,TC,T,1
NC_037345.1,NC_032667.1,60900757,60900759,61127819,CTG,C,2
NC_037345.1,NC_032667.1,60900798,60900799,61127858,GA,G,1
NC_037345.1,NC_032667.1,60901571,60901573,61128630,TAG,T,2
NC_037345.1,NC_032667.1,60901628,60901629,61128681,CA,C,1
NC_037345.1,NC_032667.1,60903362,60903370,61130415,CTTTAACAG,C,8
NC_037345.1,NC_032667.1,60917248,60917249,61144339,CG,C,1
NC_037345.1,NC_032667.1,60942822,60942823,61169872,CA,C,1
NC_037345.1,NC_032667.1,60947789,60947790,61176595,CA,C,1
NC_037345.1,NC_032667.1,60947799,60947800,61176604,CA,C,1
NC_037345.1,NC_032667.1,60948737,60948738,61177545,GA,G,1
NC_037345.1,NC_032667.1,60949734,60949735,61178542,AG,A,1
NC_037345.1,NC_032667.1,60953835,60953836,61182641,AG,A,1
NC_037345.1,NC_032667.1,60955285,60955288,61184090,CTCT,C,3
NC_037345.1,NC_032667.1,60955383,60955384,61184185,CA,C,1
NC_037345.1,NC_032667.1,60970189,60970192,61201996,GTCT,G,3
NC_037345.1,NC_032667.1,60972597,60972598,61204353,TC,T,1
NC_037345.1,NC_032667.1,60976687,60976688,61208483,AG,A,1
NC_037345.1,NC_032667.1,60979047,60979048,61210843,CA,C,1
NC_037345.1,NC_032667.1,60981417,60981419,61213211,CTT,C,2
NC_037345.1,NC_032667.1,61011333,61011344,61246142,AGGCTGAAACAG,A,11
NC_037345.1,NC_032667.1,61023599,61023603,61259794,ACTAT,A,4
NC_037345.1,NC_032667.1,61123510,61123511,61353568,CA,C,1
NC_037345.1,NC_032667.1,61123909,61123910,61353967,GT,G,1
NC_037345.1,NC_032667.1,61124274,61124275,61354333,GT,G,1
NC_037345.1,NC_032667.1,61124293,61124294,61354351,CA,C,1
NC_037345.1,NC_032667.1,61199311,61199312,61430133,AG,A,1
NC_037345.1,NC_032667.1,61202194,61202195,61433278,GA,G,1
NC_037345.1,NC_032667.1,61203502,61203503,61434584,TC,T,1
NC_037345.1,NC_032667.1,61203524,61203528,61434605,AGACT,A,4
NC_037345.1,NC_032667.1,61222091,61222092,61458783,AG,A,1
NC_037345.1,NC_032667.1,61222727,61222728,61459418,TG,T,1
NC_037345.1,NC_032667.1,61237012,61237013,61473701,CT,C,1
NC_037345.1,NC_032667.1,61239389,61239391,61476103,AAT,A,2
NC_037345.1,NC_032667.1,61239740,61239741,61476468,CT,C,1
NC_037345.1,NC_032667.1,61242369,61242370,61477208,GA,G,1
NC_037345.1,NC_032667.1,61243652,61243653,61478489,TG,T,1
NC_037345.1,NC_032667.1,61243673,61243674,61478509,AC,A,1
NC_037345.1,NC_032667.1,61289999,61290000,61524847,CA,C,1
NC_037345.1,NC_032667.1,61299762,61299763,61534614,GT,G,1
NC_037345.1,NC_032667.1,61346732,61346733,61580553,GA,G,1
NC_037345.1,NC_032667.1,61404121,61404122,61637972,CA,C,1
NC_037345.1,NC_032667.1,61492024,61492032,61871605,GTGAAATGA,G,8
NC_037345.1,NC_032667.1,61492749,61492750,61872327,TG,T,1
NC_037345.1,NC_032667.1,61495696,61495697,61874178,TA,T,1
NC_037345.1,NC_032667.1,61505717,61505718,61885751,AG,A,1
NC_037345.1,NC_032667.1,61505791,61505792,61885823,CT,C,1
NC_037345.1,NC_032667.1,61505801,61505802,61885832,CT,C,1
NC_037345.1,NC_032667.1,61522751,61522752,61902781,AG,A,1
NC_037345.1,NC_032667.1,61674696,61674711,62052431,GCAGGGGGCTTCAGCT,G,15
NC_037345.1,NC_032667.1,61820060,61820111,62197986,CGTGTTTCATTGTGATTGGAATGCACTGCGCTACACGTGGGCTCATGGTGAG,C,51
NC_037345.1,NC_032667.1,61904247,61904248,62303278,GT,G,1
NC_037345.1,NC_032667.1,61908902,61908903,62307928,CG,C,1
NC_037345.1,NC_032667.1,61932380,61932381,62331410,CA,C,1
NC_037345.1,NC_032667.1,61992452,61992453,62391540,AC,A,1
NC_037345.1,NC_032667.1,62128674,62128678,62523592,GGGAC,G,4
NC_037345.1,NC_032667.1,62272889,62272890,62698712,AC,A,1
NC_037345.1,NC_032667.1,62301425,62301426,62726306,CA,C,1
NC_037345.1,NC_032667.1,62336792,62336793,62761754,CA,C,1
NC_037345.1,NC_032667.1,62764336,62764338,62804661,GTC,G,2
NC_037345.1,NC_032667.1,62766072,62766073,62806396,CT,C,1
NC_037345.1,NC_032667.1,62767226,62767227,62807550,TA,T,1
NC_037345.1,NC_032667.1,62776982,62776998,62817314,GGTGCAAGGTTAAGCGT,G,16
NC_037345.1,NC_032667.1,62790834,62790835,62831133,AT,A,1
NC_037345.1,NC_032667.1,62804486,62804487,62844832,CT,C,1
NC_037345.1,NC_032667.1,62860907,62860908,62902155,GA,G,1
NC_037345.1,NC_032667.1,62894633,62894634,62935701,GT,G,1
NC_037345.1,NC_032667.1,62897579,62897580,62938653,GA,G,1
NC_037345.1,NC_032667.1,62937314,62937316,62978572,TGG,T,2
NC_037345.1,NC_032667.1,62938709,62938710,62979965,CT,C,1
NC_037345.1,NC_032667.1,62945214,62945215,62986470,TA,T,1
NC_037345.1,NC_032667.1,62946261,62946262,62987516,TC,T,1
NC_037345.1,NC_032667.1,62947473,62947474,62988727,GA,G,1
NC_037345.1,NC_032667.1,62975742,62975744,63444838,GCA,G,2
NC_037345.1,NC_032667.1,62975742,62975744,63073524,GCA,G,2
NC_037345.1,NC_032667.1,62976170,62976179,63444412,CCCGCACCGG,C,9
NC_037345.1,NC_032667.1,62976170,62976179,63073950,CCCGCACCGG,C,9
NC_037345.1,NC_032667.1,62979808,62979815,63077571,CTTTACTG,C,7
NC_037345.1,NC_032667.1,62981194,62981195,63078959,TA,T,1
NC_037345.1,NC_032667.1,62981194,62981195,63022502,TA,T,1
NC_037345.1,NC_032667.1,63159214,63159215,63046204,TC,T,1
NC_037345.1,NC_032667.1,63159875,63159877,63046866,AAC,A,2
NC_037345.1,NC_032667.1,63162543,63162544,63049532,CT,C,1
NC_037345.1,NC_032667.1,63163517,63163518,63050507,TG,T,1
NC_037345.1,NC_032667.1,63166351,63166352,63053342,GA,G,1
NC_037345.1,NC_032667.1,63441822,63441823,63569254,AG,A,1
NC_037345.1,NC_032667.1,63442630,63442631,63570061,AG,A,1
NC_037345.1,NC_032667.1,63455041,63455043,63582503,CAG,C,2
NC_037345.1,NC_032667.1,63487534,63487535,63614810,GT,G,1
NC_037345.1,NC_032667.1,63487560,63487561,63614835,TA,T,1
NC_037345.1,NC_032667.1,63587864,63587866,63657864,CTG,C,2
NC_037345.1,NC_032667.1,63589193,63589194,63659195,CA,C,1
NC_037345.1,NC_032667.1,63594451,63594452,63664459,AC,A,1
NC_037345.1,NC_032667.1,63680148,63680149,63678081,GA,G,1
NC_037345.1,NC_032667.1,63680355,63680356,63678287,TC,T,1
NC_037345.1,NC_032667.1,63681103,63681104,63679030,TA,T,1
NC_037345.1,NC_032667.1,64007833,64007834,64038474,AC,A,1
NC_037345.1,NC_032667.1,64007839,64007840,64038479,TA,T,1
NC_037345.1,NC_032667.1,64021482,64021483,64054299,GC,G,1
NC_037345.1,NC_032667.1,64033570,64033571,64066185,AG,A,1
NC_037345.1,NC_032667.1,64129539,64129540,64189120,GT,G,1
NC_037345.1,NC_032667.1,64476328,64476329,64544629,GT,G,1
NC_037345.1,NC_032667.1,64602258,64602259,64670421,CA,C,1
NC_037345.1,NC_032667.1,64603315,64603316,64671477,AC,A,1
NC_037345.1,NC_032667.1,64646918,64646920,64715089,CAA,C,2
NC_037345.1,NC_032667.1,64652208,64652209,64720377,GC,G,1
NC_037345.1,NC_032667.1,64698170,64698171,64811974,GA,G,1
NC_037345.1,NC_032667.1,64718630,64718631,64832435,GA,G,1
NC_037345.1,NC_032667.1,64737784,64737785,64851850,CT,C,1
NC_037345.1,NC_032667.1,64745391,64745392,64859451,TG,T,1
NC_037345.1,NC_032667.1,64753989,64753991,64869750,GGT,G,2
NC_037345.1,NC_032667.1,64756269,64756270,64872030,AC,A,1
NC_037345.1,NC_032667.1,64757282,64757283,64873043,TG,T,1
NC_037345.1,NC_032667.1,64783883,64783884,64901492,AT,A,1
NC_037345.1,NC_032667.1,64834338,64834339,64957081,CT,C,1
NC_037345.1,NC_032667.1,64864522,64864523,64990558,CT,C,1
NC_037345.1,NC_032667.1,64977628,64977629,65104329,TC,T,1
NC_037345.1,NC_032667.1,65008253,65008254,65132852,GA,G,1
NC_037345.1,NC_032667.1,65011564,65011565,65136304,AC,A,1
NC_037345.1,NC_032667.1,65028008,65028009,65152746,AG,A,1
NC_037345.1,NC_032667.1,65028019,65028020,65152756,CA,C,1
NC_037345.1,NC_032667.1,65062344,65062345,65187078,AG,A,1
NC_037345.1,NC_032667.1,65119082,65119083,65242214,AT,A,1
NC_037345.1,NC_032667.1,65129688,65129689,65252835,CG,C,1
NC_037345.1,NC_032667.1,65131019,65131020,65254167,TG,T,1
NC_037345.1,NC_032667.1,65133586,65133587,65256733,AC,A,1
NC_037345.1,NC_032667.1,65162714,65162721,65286254,CTGCCCCA,C,7
NC_037345.1,NC_032667.1,65268321,65268322,65391422,TG,T,1
NC_037345.1,NC_032667.1,65268329,65268330,65391429,TG,T,1
NC_037345.1,NC_032667.1,65309322,65309323,65438356,AG,A,1
NC_037345.1,NC_032667.1,65309328,65309329,65438361,TC,T,1
NC_037345.1,NC_032667.1,65425994,65425995,65555026,GT,G,1
NC_037345.1,NC_032667.1,65443030,65443031,65572064,TA,T,1
NC_037345.1,NC_032667.1,65469762,65469763,65598794,GA,G,1
NC_037345.1,NC_032667.1,65485094,65485095,65614128,CT,C,1
NC_037345.1,NC_032667.1,65512672,65512673,65641738,TA,T,1
NC_037345.1,NC_032667.1,65531011,65531012,65660627,GC,G,1
NC_037345.1,NC_032667.1,65565748,65565749,65695380,GC,G,1
NC_037345.1,NC_032667.1,65580178,65580179,65709816,GT,G,1
NC_037345.1,NC_032667.1,65637962,65637963,65769763,GT,G,1
NC_037345.1,NC_032667.1,65638046,65638048,65769846,TCC,T,2
